id;date;cleaned_text;summary
93;2026-06-22 14:57:24;Модельный портфель оставляем без изменений В начале текущей недели рынок выглядит перепроданным, что создает предпосылки для коррекционного отскока. При этом среднесрочно на перспективы индекса МосБиржи смотрим осторожно и ожидаем продолжения негативной динамики с ближайшей целью 2200-2250 пунктов. В сложившихся условиях считаем целесообразным занять выжидательную позицию и держать портфель в деньгах. Не является инвестиционной рекомендацией #нашпортфель #акции Аналитический центр ПСБ;Держать портфель в деньгах, ожидая снижения индекса МосБиржи до 2200‑2250 пунктов.
94;2026-06-22 10:57:51;Изменения в семейной ипотеке новый вызов для застройщиков С 1 июля вступят в силу новые правила выдачи семейной ипотеки. Окончательные параметры изменений на текущий момент находятся на стадии обсуждений. Однако уже сейчас можно сказать, что основные корректировки завязаны на дифференцировании ставки в зависимости от количества детей в семье. Сегодня более 23 российских семей имеют только одного несовершеннолетнего ребенка. Для таких семей в Москве и Санкт-Петербурге ставку по семейной ипотеке предлагается повысить с 6% до 12%, в регионах - до 10%. Предполагаемый уровень ставки довольно высокий и это может ощутимо снизить доступность ипотеки для большинства семей. Такая ситуация скажется на снижении объемов выдач ипотеки с господдержкой - по нашим оценкам, они могут снизиться на 15-20%. На рынке акций основной негатив для застройщиков, ориентированных на льготную ипотеку и массовый сегмент Самолет, ПИК, ЛСР. Если ставка для ключевой аудитории фактически удваивается, это ухудшит и без того слабые продажи застройщиков. Читайте нас в МАХ #ЛаураКузнецова #ипотека Аналитический центр ПСБ;Негатив для акций застройщиков (Самолет, ПИК, ЛСР) из‑за повышения ставок по семейной ипотеке.
95;2026-06-22 09:02:27;Публикуем ТОП краткосрочных флоатеров из нашего свежего техмонитора. Технический монитор - автоматический рэнкинг облигаций по заданным параметрам дюрация, кредитный рейтинг, доходность, премия к кривой ОФЗ. Его можно использовать для поиска недооцененных бумаг на рынке в различных рейтинговых категориях. Не является инвестиционной рекомендацией Читайте нас в МАХ #облигации Аналитический центр ПСБ;Технический мониторинг облигаций: список недооценённых флоатеров для поиска идей.
96;2026-06-22 07:13:29;Сегодня ждём Индекс МосБиржи 2360-2450 п. Китайский юань 10,5-11 руб. Важное МосБиржа проведет ГОСА по вопросу утверждения дивидендов за 2025 г. Подробнее Читайте нас в МАХ #псбрынки Аналитический центр ПСБ;"Ожидаемый диапазон индекса МосБиржи 2360‑2450 п., юань 10,5‑11 руб.; ГОСА МосБиржи по дивидендам."
97;2026-06-19 13:51:19;Итоги недели 15-19 июня Рынок акций Российский фондовый рынок продемонстрировал существенное снижение. Под конец недели усилению продаж способствовало решение регулятора снизить ставку до 14,25% -25 б.п., тогда как рыночный консенсус предполагал снижение на 50 б.п. В результате к вечеру пятницы индекс МосБиржи потерял 4,5%, отступив в район 2400 пунктов и обновив минимум с декабря 2024 года. На предстоящей неделе российский фондовый рынок может продолжить негативную динамику. Валютный рынок По итогам недели пара СNYRUB закончила неделю в верхней половине нашего целевого диапазона 10,5-11 руб., прибавив 1,6%. Влияние на рубль оказывало существенное снижение цен на нефть, что привело к активизации спекулятивного спроса на иностранные валюты. При этом решение регулятора снизить ставку лишь на 25 б.п. не оказало существенного влияния на динамику национальной валюты. На предстоящей неделе рубль может попытаться отыграть часть потерь, понесенных в последние сессии. Пара CNYRUB может перейти к снижению и протестировать нижнюю границу диапазона 10,5-11 рублей, а доллар отступить в нижнюю половину коридора 71-76 рубля. Нефть На рынке нефти в течение текущей недели наблюдалось сильное нисходящее движение, в результате которого котировки обвалились до трехмесячных минимумов и зафиксировались около отметки $80 за баррель. Основным поводом столь агрессивных распродаж стало заключение промежуточного мирного соглашения между США и Ираном. Поддержку ценам от еще более глубокого падения оказали свежие данные Управления энергетической информации США EIA, показавшие, что запасы сырой нефти рухнули сразу на 8,3 млн барр., ощутимо превзойдя прогнозы. Ориентиром по нефти Brent на следующей неделе выступает коридор $75-85 за баррель. Подробнее Читайте нас в МАХ #итогинедели Аналитический центр ПСБ;"Российский рынок акций негативен, вероятно дальнейшее снижение; CNYRUB может снизиться, Brent $75‑85."
98;2026-06-19 11:18:49;ЦБ перешёл к осторожной тактике Банк России замедлил скорость снижения ключевой ставки -25 б.п., до 14,25%, но существенно не изменил сигнал о перспективах ДКП будет оценивать целесообразность дальнейшего снижения ключевой ставки на ближайших заседаниях. Регулятор отмечает, что бюджетная политика на среднесрочном горизонте будет более стимулирующей, чем ожидалось ранее, что может потребовать более высокой траектории ключевой ставки, чем было заложено в апрельском прогнозе. Также, несмотря на замедление текущего роста цен, ЦБ по-прежнему фиксирует превышение проинфляционных рисков над дезинфляционными все еще высокие инфляционные ожидания и динамичный рост заработных плат, рост глобальной инфляции, сохранение геополитических рисков. При этом Банк России отметил улучшение экономической и инвестиционной активности, после их заметной просадки в первом квартале 2026 года. ЦБ пока прямо не указывает на паузу в цикле снижения ключевой ставки, так как сохранил сигнал о возможном её снижении на ближайших заседаниях. Однако, переход к более осторожной тактике не исключает приостановку цикла смягчения ДКП в любой момент. Следующие решения будут зависеть от многих факторов на стороне экономики и инфляции. Тем не менее, очевидно, что прогноз по ключевой ставке на конец текущего года продолжает смещаться вверх с 12% в район 13%. Читайте нас в МАХ #ДенисПопов #макро Аналитический центр ПСБ;"ЦБ РФ снизил ставку до 14,25%, осторожный сигнал; прогноз ставки на конец года повышен до 13%."
99;2026-06-19 10:47:25;Обновление в модельном портфеле Закрываем позиции в акциях Сбербанк 2,5% Транснефть, па-2,6% В связи с ростом рисков продолжения снижения российского рынка, приняли решение закрыть в портфеле позиции в акциях Сбербанка и Транснефти по текущим ценам. Таким образом, весь портфель на данный момент находится в деньгах. #нашпортфель #акции Аналитический центр ПСБ;Закрыли позиции в Сбербанке и Транснефти, портфель полностью в деньгах.
100;2026-06-19 10:30:33;Ключевая ставка - 14,25%. Банк России снизил ее на 25 б.п. #псбрынки Аналитический центр ПСБ;ЦБ РФ снизил ключевую ставку до 14,25% (-25 б.п.).
101;2026-06-19 07:19:53;Сегодня ждём Индекс МосБиржи 2430-2520 п. Китайский юань 10,5-11 руб. Важное Заседание Банка России по ключевой ставке Роснефть и Россети Московский регион проведут ГОСА по вопросу утверждения дивидендов за 2025 г. ВИ.ру и ЦИАН последний день для попадания в реестр акционеров, имеющих право на получение дивидендов Подробнее Читайте нас в МАХ #псбрынки Аналитический центр ПСБ;"Индекс МосБиржи ожидается 2430‑2520 п., юань 10,5‑11 руб.; внимание на дивиденды Роснефти, Россетей."
102;2026-06-18 14:07:22;Обновление в модельном портфеле Закрываем позицию в акциях МТС -3,4% Ухудшение настроений на российском рынке привело к усилению давления на акции компаний. В результате бумаги МТС достигли нашего стоп-лосса. С учетом сохранения рисков продолжения негативной динамики на российском рынке принимаем решение закрыть позицию в этих акциях. Не является инвестиционной рекомендацией #нашпортфель #акции Аналитический центр ПСБ;Закрыли позицию в МТС по стоп‑лоссу из‑за ухудшения рыночной конъюнктуры.
103;2026-06-18 12:47:35;Индекс МосБиржи в четверг находится под сильным давлением и упал до минимума с декабря 2024 года. Среди аутсайдеров - строительный сектор акции компаний снижаются на фоне новостей об ужесточении семейной ипотеки с 1 июля и негативной статистики по рынку жилья. Читайте нас в МАХ #псбрынки Аналитический центр ПСБ;Сильное падение индекса МосБиржи, особенно страдают застройщики из‑за ужесточения семейной ипотеки.
104;2026-06-18 12:30:18;В 2026 году деловые стратегии поляризуются на фоне неопределенности доля компаний, живущих в режиме выживания, выросла до 22% 8 п.п. за год, тогда как доля тех, кто делает ставку на рост, хотя и остается небольшой, удвоилась до 8%. Впрочем, все еще массовые стратегии разумная экономия 34% и поддержание стабильности 30%. На фоне ухудшения экономики у части МСП уже не остается запаса прочности, чтобы сохранять прежний режим работы, поэтому они смещаются в выживание, тогда как другая часть, напротив, пытается использовать турбулентность как окно возможностей. Рост доли стратегии выживания прежде всего у микробизнеса 29%, так как именно у самых небольших компаний обычно выше чувствительность к ухудшению спроса или росту издержек. Также в выживание сильнее уходит производство 24% такой бизнес хуже переносит недозагрузку мощностей и более зависим от стоимости оборотного капитала и предсказуемости заказов. Одновременно рост чаще выбирают малые компании 13% и торговля 10%. Подробнее о результатах RSBI в мае. Следите за #rsbi Индекс RSBI измеряет деловую активность малого и среднего бизнеса России. Исследование проводят совместно ПСБ, общероссийская общественная организация Опора России и Magram Market Research. Подробнее здесь. Аналитический центр ПСБ;Малый и средний бизнес: доля выживания растёт до 22%, но доля ориентированных на рост удвоилась до 8%.
105;2026-06-18 10:15:53;Ускорение инфляции может повлиять на траекторию ставки За вторую неделю июня инфляция замедлилась 0,15%, против 0,2% неделей ранее. При этом оценка годового уровня роста цен продолжает умеренно расти 5,6% гг после 5,3% на конец мая. Так, индекс цен на продукты питания за неделю вдвое замедлил рост. Здесь инфляция остается повышенной за счет остаточного удорожания плодоовощной продукции. При этом в секторе постепенно формируются сигналы о переходе к сезонной дефляции. Более опасные инфляционные процессы закрепляются в сегменте непродовольственных товаров, где сильно дорожают нефтепродукты из-за шока со стороны предложения. При этом по большинству остальных товаров сектора наблюдается умеренная ценовая динамика и нередко снижение цен. Замедлился рост цен на услуги населению за счет торможения темпов инфляции в туристическом сегменте. Наше мнение Усиление инфляции происходит за счёт ограниченного числа драйверов, часть из которых уже теряет силу. Так, число позиций, по которым фиксируется чрезмерно высокий рост цен, быстро снижается и составляет уже около 14 еженедельно наблюдаемых товаров и услуг. При этом усиление инфляции, которое происходит исключительно за счет факторов со стороны предложения, не регулируется денежно-кредитной политикой, а, значит, должно иметь ограниченное влияние на решение ЦБ по ключевой ставке. Банк России будет реагировать на вторичные риски инфляции например, от подорожания бензина, которые пока ограничены, и, скорее всего, будут темой для будущих заседаний по ставке. Считаем, что устойчивый тренд по охлаждению внутреннего спроса пока оказывает более значимое влияние на инфляцию и ограничит распространение вторичных инфляционных рисков, связанных с шоками предложения, если они не будут поддержаны реализацией каких-то новых проинфляционных рисков. Читайте нас в МАХ #ДенисПопов #макро Аналитический центр ПСБ;"Инфляция ускоряется за счёт немонетарных факторов; ЦБ не будет ужесточать политику, пока вторичные риски ограничены."
106;2026-06-18 07:13:59;Сегодня ждём Индекс МосБиржи 2430-2520 п. Китайский юань 10,5-11 руб. Важное Промомед последний день для попадания в реестр акционеров Казаньоргсинтез, Россети Волга, Славнефть-ЯНОС и Россети Центр проведут ГОСА по вопросу утверждения дивидендов за 2025 г. Подробнее Читайте нас в МАХ #псбрынки Аналитический центр ПСБ;"Индекс МосБиржи ожидается 2430‑2520 п., юань 10,5‑11 руб.; ГОСА по дивидендам: Промомед, Казаньоргсинтез и др."
107;2026-06-17 14:33:37;Инфляционные ожидания населения в июне значимо снизились до 12,4% с 13%, обновив минимум с середины 2024 года. Также заметно снизилась и оценка уровня наблюдаемой инфляции 14,2% против 15,1% в мае, минимальная с октября прошлого года. Наблюдаемая инфляция упала за счёт сильного снижения показателя у граждан без сбережений при стабильности индикатора у граждан, имеющих сбережения. Инфляционные ожидания ощутимо снизились в обеих группах населения. Также в июне ЦБ зафиксировал дальнейшее снижение ценовых ожиданий бизнеса до 15,9 п. с 16,4 п.. Индикатор обновил минимумы с января 2023 года. По секторам экономики рост ценовых ожиданий сохранялся только в торговле, части отраслей обработки, ориентированных на внутренний спрос, и в транспорте. Наше мнение В преддверии заседания ЦБ заметное и достаточно системное сокращение инфляционных ожиданий сильный аргумент продолжить поступательное снижение ключевой ставки базовый прогноз без изменений -50 б.п. в предстоящую пятницу. Устойчивое замедление внутреннего спроса, жесткая ДКП, крепкий рубль и своевременные меры властей по регулированию отдельных рынков товаров и услуг ограничивают развитие инфляционных процессов, даже на фоне продолжающейся реализации разовых проинфляционных рисков колебания цен на овощи и фрукты, рост глобальных цен на сырьё и локальные ограничения предложения нефтепродуктов. Впрочем, баланс рисков и стабилизирующих факторов может меняться. Тем не менее, пока, прогноз инфляции на конец года не меняем и ждём её закрепления около 5%. Читайте нас в МАХ #ДенисПопов #макро Аналитический центр ПСБ;"Инфляционные ожидания снизились; ждём снижения ключевой ставки на 50 б.п., инфляция к концу года ~5%."
108;2026-06-17 12:38:41;Индекс бизнес-климата Банка России в июне снизился до 1,1 п. с 1,7 п. в мае, что указывает на дальнейшую стагнацию экономической активности. Фактическая компонента индекса стабилизировалась, но остается в отрицательной зоне. Компонента ожиданий продолжила снижаться, обновив минимумы с октября 2022 года. По отраслям фиксируется практически повсеместное замедление экономической активности. В добыче, строительстве и производстве инвестиционных товаров закрепился спад бизнес-активности. В остальных секторах обработки, торговле, транспорте и услугах наблюдается стагнация активности околонулевые значения индекса. Высокая экономическая активность сохраняется только в энергетике, водообеспечении и сельском хозяйстве. Наше мнение Индикатор ЦБ подтверждает, что охлаждение продолжает распространяться по экономике. Особенно обращает на себя внимание устойчивое ухудшение ожиданий бизнеса относительно своих перспектив. Это может косвенно указывать на продолжение фазы отказа предприятий от инвестиций в основной капитал, которые в I кв. 2026 года упали максимальными с 2009 года темпами. Читайте нас в МАХ #ДенисПопов #макро Аналитический центр ПСБ;Индекс бизнес-климата упал до 1,1 п., ожидания бизнеса ухудшаются, инвестиции падают.
109;2026-06-17 10:59:37;Продажи Соллерса в России в мае 2026 г. сократились на 10,4% гг и составили 2840 автомобилей. По данным компании, продажи автомобилей УАЗ снизились на 19% гг, до 1965 единиц. В то же время реализация автомобилей Sollers выросла на 19% гг и достигла 875 машин. Наше мнение Продажи компании выглядят слабо на фоне заметного оживления российского авторынка в мае 20,5% гг. У Соллерса падают продажи ключевого для нее бренда УАЗ, который исторически тянул объем. Хотя компания делает ставку на бренд Sollers, где есть рост, но его база пока слишком мала, чтобы компенсировать просадку по УАЗ. Пока сохраняем осторожный взгляд на бумаги Соллерса. Читайте нас в МАХ #ЛаураКузнецова #эмитенты #SVAV Аналитический центр ПСБ;"Продажи Соллерса снизились на 10,4% из-за падения УАЗ; осторожный взгляд на акции SVAV."
110;2026-06-17 10:14:24;Хэндерсон опубликовал операционные результаты за май 2026 года. Ключевые показатели Совокупная выручка за май 2,7 млрд руб. 18,1% гг Выручка за 5 месяцев 11,3 млрд руб. 6,5% гг Наше мнение Майские результаты выглядят лучше апрельских и указывают на локальное оживление спроса, вероятно, на фоне сезонных факторов и промоактивности. Тем не менее текущая динамика попрежнему остается неровной после слабого апреля рост продаж в мае не формирует устойчивого тренда, а лишь подчеркивает волатильность потребительского спроса от месяца к месяцу. В целом, несмотря на майский всплеск, не видим формирования устойчивого вектора на ускорение продаж. Слабая потребительская среда и продолжающаяся трансформация каналов будут сдерживать темпы роста. В связи с этим по-прежнему не ожидаем от Хэндерсона сильного роста выручки по итогам 2026 года. Читайте нас в МАХ #ЛаураКузнецова #эмитенты #HNFG Аналитический центр ПСБ;"Выручка Хэндерсона в мае выросла на 18,1%, но тренд неустойчив; не ожидаем сильного роста в 2026 г."
111;2026-06-17 08:22:03;Во вторник российский фондовый рынок возобновил снижение, находясь под давлением фактора геополитики и сильного падения цен на нефть. Продажи преобладали по широкому спектру бумаг и лишь отдельным акциям удалось по итогам торгов показать положительную динамику. Индекс МосБиржи потерял 2,6%, уйдя ниже 2500 пунктов и обновив минимумы с октября 2025 года. Наше мнение С точки зрения фундаментальных факторов, давление на рынок оказывают высокая ключевая ставка крепкий рубль риски по экономике и геополитике. Техническая картина также говорит в пользу продолжения снижения. Так, в случае закрепления индекса МосБиржи ниже 2500 пунктов, следующей целью для рынка может стать район 2360 пунктов. Читайте нас в МАХ #БогданЗварич #псбрынки Аналитический центр ПСБ;"Индекс МосБиржи упал ниже 2500 п. (-2,6%); техническая цель — 2360 п., давление геополитики и нефти."
112;2026-06-17 07:15:48;Сегодня ждём Индекс МосБиржи 2430-2520 п. Китайский юань 10,5-11 руб. Важное ТНС энерго Марий Эл и ТНС энерго Воронеж последний день для попадания в реестр акционеров НоваБев, ДИОД, Займер и Россети Урал проведут ГОСА по вопросу утверждения дивидендов Банк Санкт-Петербург представит финансовые результаты по РСБУ за май 2026 г. Подробнее Читайте нас в МАХ #псбрынки Аналитический центр ПСБ;"Индекс МосБиржи 2430‑2520 п., юань 10,5‑11 руб.; ГОСА и дивиденды: НоваБев, ДИОД, Займер, Россети Урал."
113;2026-06-16 09:13:59;Внутренний спрос продолжает охлаждаться Динамика рублевых денежных потоков отраслей экономики в мае осталась в положительной зоне 3% к среднему уровню первого квартала, что указывает на сохранение умеренной экономической активности. Однако баланс окончательно сместился от инвестиций в сторону отраслей, ориентированных на внешний спрос. В I кв. 2026 года их денежный поток сужался, но во II кв. на фоне конфликта в Персидском заливе и взлёта сырьевых цен ситуация кардинально изменилась. Экспортным отраслям на текущий момент удается полностью нивелировать просадку первого квартала. Ситуация в отраслях, ориентированных на внутренний спрос, складывается иначе. Предприятия, работающие на инвестиционный спрос и госпотребление, активно снижают денежный поток на фоне распространения стратегий экономии в частном и государственном секторах. Отрасли, ориентированные на потребление домохозяйств, показали в мае минимальный рост денежного потока. Наше мнение Опираясь на анализ денежного потока по секторам экономики, можно говорить о дальнейшем охлаждении внутреннего спроса. Рост госрасходов в начале года в итоге не придал качественного импульса отраслям внутреннего спроса. Снижение ставки на 150 б.п. с начала года также пока не формирует достаточный стимулирующий эффект для экономики. И только рост доходов населения поддерживает позитивную динамику в потребительском сегменте. В таких условиях, после исчерпания временных факторов, поддерживающих благоприятную внешнюю конъюнктуру для экспортеров, снова могут активизироваться риски переохлаждения экономики. Читайте нас в МАХ #ДенисПопов #макро Аналитический центр ПСБ;"Внутренний спрос охлаждается, денежные потоки сместились к экспортерам; риски переохлаждения экономики."
114;2026-06-16 07:23:33;Сегодня ждём Индекс МосБиржи 2500-2600 п. Китайский юань 10,5-11 руб. Важное Хэндерсон раскроет данные о выручке за май 2026 г. Россети Ленэнерго последний день для попадания в реестр акционеров Россети Центр и Приволжье проведет ГОСА по вопросу утверждения дивидендов за 2025 г. Подробнее Читайте нас в МАХ #псбрынки Аналитический центр ПСБ;"Индекс МосБиржи 2500‑2600 п., юань 10,5‑11 руб.; ожидаем выручку Хэндерсона, дивиденды Россети Ленэнерго."
115;2026-06-15 15:43:09;Период сверхвысоких цен на нефть, вероятно, близится к завершению на фоне скорого открытия Ормузского пролива, что уже спровоцировало резкую коррекцию котировок Brent в ожидании подписания меморандума между США и Ираном, назначенного на 19 июня 2026 года. При этом процесс разминирования фарватера займет около 30 дней. В рамках соглашения США обязуются снять морскую блокаду и отвести свои вооруженные силы из региона, оставив сторонам еще 60 дней на урегулирование спорных вопросов. До 19 июня цены на нефть, вероятно, сохранят повышенную волатильность в диапазоне $7590 за баррель. На рынке сохраняются существенные геополитические риски из-за нерешенных противоречий и неопределенности вокруг военной операции Израиля в Ливане, что продолжит оказывать давление на сырьевой сектор. Для российского нефтегазового сектора такая конъюнктура обернулась масштабной рыночной переоценкой, опустившей акции крупнейших эмитентов уже к уровням первой половины 2023 года. И хотя текущая рублевая стоимость нефти находится в районе 5,2 тысяч рублей за баррель, что все еще выше январских показателей в 3,13,2 тысячи рублей, акции нефтяных компаний пока не обладают высокой инвестиционной привлекательностью. Наше мнение Снижение сырьевых котировок в сочетании с отсутствием общих позитивных драйверов на фондовом рынке сдерживает приток капитала в сектор. В этих условиях относительную стабильность могут продемонстрировать, например, бумаги Транснефти, не привязанной к стоимости нефти и по которой до конца июня ожидаются новости о размере дивидендных выплат за 2025 год. Наш ориентир 201 руб., доходность 14,4%. Читайте нас в МАХ #ЕкатеринаКрылова #нефть Аналитический центр ПСБ;"Нефть Brent корректируется из‑за открытия Ормузского пролива; акции нефтяных компаний не привлекательны, кроме Транснефти (ориентир 201 руб., 14,4% дивдоходность)."
116;2026-06-15 12:03:48;Модельный портфель оставляем без изменений Текущая ситуация на рынке, по нашим оценкам, укладывается в рамки коррекционного роста. До выхода индекса МосБиржи выше 2600 пунктов основным сценарием является продолжение негативной динамики. Учитывая риски дальнейшего снижения, сохраняем около 70% портфеля в деньгах. Среди акций в портфеле делаем ставку на сильные дивидендные истории предстоящие выплаты щедрых дивидендов могут сдержать снижение бумаг при ухудшении общерыночной конъюнктуры. Читайте нас в МАХ #нашпортфель #акции Аналитический центр ПСБ;"Сохраняем 70% портфеля в деньгах; из акций ставка на сильные дивидендные истории."
117;2026-06-15 07:15:14;Сегодня ждём Индекс МосБиржи 2480-2560 п. Китайский юань 10,5-11 руб. Важное Brent торгуется в районе $83барр. Подробнее Читайте нас в МАХ #псбрынки Аналитический центр ПСБ;"Индекс МосБиржи 2480‑2560 п., юань 10,5‑11 руб.; Brent около $83/барр."
118;2026-06-11 14:00:38;Итоги недели 8-11 июня Рынок акций Российский фондовый рынок продолжил волну снижения, индекс МосБиржи потерял порядка 2,5% и отступил в нижнюю половину диапазона 2500-2600 п. Этому способствовали крепкий рубль, неопределенность по геополитике и риски по экономике. На следующей неделе рынок может попытаться удержать позиции в диапазоне 2500 2600 пунктов, а основное внимание инвесторов будет сосредоточено на заседании ЦБ РФ, на котором регулятор, по нашему мнению, может снизить ставку на 50 б.п., до 14%. В такой ситуации рынок может подняться в середину обозначенного диапазона, а основной спрос сосредоточится в акциях компаний, зависящих от ставок в экономике девелоперы, финсектор, компании с существенным уровнем долга. Рынок облигаций Индекс RGBI вышел вниз из устоявшегося диапазона 119-120 пунктов и закрепился на отметке 118,5 пунктов. Основное снижение котировок наблюдалось в длинных ОФЗ из-за роста проинфляционных рисков. Напомним, что ранее А.Силуанов подтвердил готовящуюся корректировку бюджета и программы заимствований. Другими факторами негатива для рынка стали геополитические риски и ситуация на топливном рынке. Оперативные данные по инфляции также выглядят неоднозначно - инфляция в РФ в мае замедлилась до 5,31% гг, но за 8 дней июня составила 0,23%, а годовая ускорилась до 5,51%. В совокупности это ограничивает пространство для снижения ключевой ставки в будущем, хотя 19 июня регулятор, вероятно, продолжит смягчение ДКП. На следующей неделе в преддверии заседания ЦБ инвесторы, вероятно, предпочтут занять выжидательную позицию при консолидации рынка на достигнутых уровнях. Однако более долгосрочных триггеров для возобновления роста цен на госбумаги пока не видим. Валютный рынок Рубль перешел к восстановлению, отыграв большую часть потерь, понесенных неделей ранее. Участники торгов не увидели реакции курса на увеличение объемов покупок по бюджетному правилу. Это способствовало переходу к фиксации прибыли по длинным позициям в иностранной валюте. При этом юань и доллар протестировали ближайшие поддержки 10,5 руб. и 71 руб. соответственно и по итогам недели смогли удержать позиции над ними. На следующей неделе ожидаем стабилизации основных мировых валют на достигнутых уровнях. Так, пара CNYRUB, на наш взгляд, продолжит двигаться в диапазоне 10,5 11 рублей, а USDRUB удержит позиции в диапазоне 71 76 рублей. Подробнее Читайте нас в МАХ #итогинедели Аналитический центр ПСБ;"Рынок акций снизился (-2,5%), ждём заседания ЦБ (ставка –50 б.п. до 14%); облигации снизились на проинфляционных рисках; рубль укрепился, диапазоны: CNYRUB 10,5‑11, USDRUB 71‑76."
119;2026-06-11 09:48:33;Публикуем ТОП длинных облигаций с фиксированным купоном из нашего свежего техмонитора. Технический монитор - автоматический рэнкинг облигаций по заданным параметрам дюрация, кредитный рейтинг, доходность, премия к кривой ОФЗ. Его можно использовать для поиска недооцененных бумаг на рынке в различных рейтинговых категориях. Не является инвестиционной рекомендацией Читайте нас в MAX #облигации Аналитический центр ПСБ;Технический мониторинг: список недооценённых длинных облигаций с фиксированным купоном.
120;2026-06-11 07:22:01;Сегодня ждём Индекс МосБиржи 2480-2550 п. Китайский юань 10,5-11 руб. Важное Аэрофлот опубликует операционные результаты за май 2026 г. Росгосстрах и ММЦБ последний день для попадания в реестр акционеров ЦИАН проведет ГОСА по вопросу утверждения дивидендов за I квартал 2026 г. Инфляция в России в мае замедлилась до 5,31% гг Подробнее Читайте нас в МАХ #псбрынки Аналитический центр ПСБ;"Индекс МосБиржи 2480‑2550 п., юань 10,5‑11 руб.; операционные результаты Аэрофлота, дивиденды ЦИАН."
121;2026-06-10 11:55:46;Золото и серебро под давлением В последние торговые сессии на рынке драгметаллов развивается коррекционный тренд, в результате чего золото и серебро вышли на минимумы с 23 марта, отступив ниже $4200 и $64 за унцию соответственно. Факторы давления Усиление позиций доллара. Индекс DXI, рассчитываемый как отношение USD к корзине из 6 основных мировых валют, вышел в район 100 пунктов. В момент установления золотом исторического максимума в конце января этого года индекс DXI находился вблизи 95 пунктов. Рост рисков повышения ставки в США на фоне высоких цен на энергоносители, провоцирующих рост инфляции, а также сильного рынка труда. Сохранение напряженности на Ближнем Востоке, что способствует продажам золота со стороны отдельных центробанков для компенсации выпадающих доходов и поддержки национальных валют. Ухудшаются ожидания по промышленному спросу на серебро. Продолжительный период высоких цен на нефть может привести к снижению деловой активности в промышленности, что, в свою очередь, снизит потребление серебра. Наше мнение Учитывая риски затягивания ближневосточного конфликта, в краткосрочной перспективе, на наш взгляд, сохраняются риски дальнейшего снижения драгметаллов. Так, целевым диапазоном для золота может стать $3800 - 4000 за унцию, а для серебра - район $56-60. Читайте нас в МАХ #БогданЗварич #драгметаллы Аналитический центр ПСБ;"Драгметаллы под давлением: золото ниже $4200, серебро ниже $64; риски дальнейшего снижения, цели $3800‑4000 и $56‑60."
122;2026-06-10 08:30:40;Завершение периода lock-up по акциям Базис какие перспективы? 8 июня 2026 года официально завершился 180-дневный период ограничения на продажу акций lock-up ГК Базис эмитент вышел на Московскую биржу 10 декабря 2025 года. Это значит, что до-IPO акционеры и топ-менеджмент получили право продавать свои пакеты ценных бумаг на открытом рынке. На фоне коррекции в индексе МосБиржи и акциях отдельных эмитентов ИТ-сектора, встает вопрос о дальнейших перспективах бумаг Базиса. Крепкие результаты Базис показывает неплохую адаптивность к макроэкономическим условиям выручка увеличилась на 35,8% гг до 1,07 млрд руб., а чистая прибыль за вычетом капитализированных расходов NIC продемонстрировала двукратный рост 91% гг, до 141 млн рублей, OIBDA выросла на 27,7% гг, до 457 млн руб. Крепкие результаты получились благодаря увеличению доли регулярных подписок в выручке компании до 57% с 38%, что сгладило сезонные просадки и обеспечило стабильный поток денег в зимне-весенний период, росту продаж сопутствующих продуктов контейнеризация, информационная безопасность и опережающему росту доходов от маржинальных лицензий и подписок 32,5% гг по сравнению с постоянными коммерческими расходами 18,7% гг. Ложка дегтя в денежном потоке Спорным моментом отчетности Базиса выступает отрицательный свободный денежный поток в 971 млн руб., сформировавшийся в первом квартале 2026 г. и обусловленный высокой интенсивностью затрат на RD и масштабирование бизнеса. Дебиторская задолженность при этом выросла на 18% гг, до 3,8 млрд руб., а денежные средства на балансе сократились до 694 млн руб. против 1,6 млрд руб. на конец 2025 г. То есть, финансирование деятельности пока идет за счет накопленных средств и привлеченных от IPO. Если дебиторская задолженность будет неконтролируемо расти, а клиенты затягивать выплаты, то компания может столкнуться с кассовыми разрывами и необходимостью привлечения дорогих оборотных кредитов. На текущий момент ситуация выглядит спокойно у Базиса нет долга, руководство подтвердило ожидаемый рост выручки на 3040% по итогам 2026 года и ожидает выравнивания ситуации со свободным денежным потоком уже во втором полугодии, когда начнется плановая инкассация долгов. Наше мнение В целом взгляд у нас положительный на Базис. Компания специализируется на технологически сложном софте для облачной виртуализации замещение критически важной инфраструктуры VMware и Citrix. В данном сегменте на российском рынке ПО на текущий момент фактически отсутствуют сопоставимые по масштабу отечественные аналоги, что обеспечивает эмитенту устойчивое монопольное положение. Тем не менее, успешность долгосрочного инвестиционного кейса Базиса усложняется угрозой рецессии в экономике РФ а значит может быть очередной секвестр ИТ-расходов коммерческих компаний и госкорпораций. До появления новых квартальных отчетов компании и четких сигналов ЦБ о готовности к дальнейшему снижению ключевой ставки взгляд на акции Базиса осторожный. #ЕкатеринаКрылова #эмитенты #BAZA Аналитический центр ПСБ;"Базис: сильные финрезультаты, но отрицательный FCF и рост дебиторки; взгляд осторожный, несмотря на монопольное положение в виртуализации."
123;2026-06-10 07:15:32;Сегодня ждём Индекс МосБиржи 2480-2550 п. Китайский юань 10,5-11 руб. Важное СОЛЛЕРС последний день для попадания в реестр акционеров Артген биотех проведет ГОСА по вопросу утверждения дивидендов за 2025 г. АЛРОСА и Селигдар проведут ГОСА. СД компаний рекомендовал не выплачивать дивиденды за 2025 г. Подробнее Читайте нас в МАХ #псбрынки Аналитический центр ПСБ;"Индекс МосБиржи 2480‑2550 п., юань 10,5‑11 руб.; реестр СОЛЛЕРС, ГОСА АЛРОСА и Селигдара (без дивидендов)."
124;2026-06-09 13:39:35;Сбер процентный доход толкает прибыль вверх Сбербанк в мае 2026 г. заработал 169 млрд руб. 20,5% к маю 2025 г. за 5 месяцев 2026 г. 827 млрд руб. 21,1% гг. Наиболее динамичным показателем Сбера остается чистый процентный доход, рост которого в мае 2026 г. ускорился до 34% гг с 27% гг в апреле за 5 месяцев прирост ЧПД составляет 25% гг, а процентная маржа, по нашим оценкам, продолжила обновлять многолетние максимумы за счет опережающего снижения стоимости пассивов. Операционная прибыль Сбера за январь-май 2026 г., по нашим оценкам, демонстрирует прирост на 30% гг помимо роста ЧПД, заметной статьей прибыли, вероятно, выступают ценные бумаги. Отметим, что уровень резервирования COR остается на уровне 1,5% за 5 мес. 2026 г., что соответствует значению показателя за весь 2025 год. Наше мнение Пока сохраняем консервативную оценку прибыли Сбера по итогам 2026 года на уровне 1,8 трлн руб. 7% гг. Однако, если кредитный риск по корпоративному сегменту бизнеса не реализуется в первом полугодии 2026 г., видим основания для повышения таргета. Подтверждаем оценку целевой цены обыкновенных акций на ближайшие 12 мес. на уровне 420 руб. с потенциалом роста 30%. Читайте нас в МАХ #ДмитрийГрицкевич #эмитенты #SBER Аналитический центр ПСБ;"Сбер в мае заработал 169 млрд руб. (+20,5% гг); чистая процентная маржа на максимумах; цель по обычке 420 руб. (потенциал 30%)."
125;2026-06-09 12:37:24;Обновление в модельном портфеле облигаций Закрываем идею в выпуске ОФЗ 26245 срочностью 9 лет для сокращения общей дюрации портфеля. Неопределенность по траектории ключевой ставки до конца года остается достаточно высокой. В таких условиях считаем целесообразным сохранять повышенную диверсификацию портфеля при умеренной дюрации 2-3 года. Не является инвестиционной рекомендацией Читайте нас в МАХ #нашпортфель #облигации Аналитический центр ПСБ;"Закрыли ОФЗ 26245 для сокращения дюрации; сохраняем дюрацию 2‑3 года из‑за неопределённости по ставке."
126;2026-06-09 07:41:31;Обновление в модельном портфеле Закрываем позицию в акциях КЦ ИКС 5 -5% Дальнейшее ухудшение общерыночной конъюнктуры привело к достижению бумагами КЦ ИКС 5 стоп-лосса. Принимаем решение закрыть позицию, тем самым увеличивая долю денежных средств в портфеле до 70%. Читайте нас в МАХ #нашпортфель #акции Аналитический центр ПСБ;"Закрыли позицию в КЦ ИКС 5 по стоп‑лоссу; доля денег в портфеле выросла до 70%."
127;2026-06-09 07:15:19;Сегодня ждём Индекс МосБиржи 2480-2550 п. Китайский юань 10,5-11 руб. Важное Сбербанк представит финансовые результаты по РСБУ за май 2026 г. Аренадата последний день для попадания в реестр акционеров ВИ.ру и Промомед проведут ГОСА. В повестке вопрос утверждения дивидендов за I квартал 2026 г. МГКЛ представит операционные результаты за май 2026 г. Подробнее Читайте нас в МАХ #псбрынки Аналитический центр ПСБ;"Индекс МосБиржи 2480‑2550 п., юань 10,5‑11 руб.; отчёт Сбербанка за май, дивиденды ВИ.ру, Промомед, ГОСА Аренадаты."
128;2026-06-08 14:03:47;Модельный портфель оставляем без изменений Учитывая риски развития негативной динамики, долю бумаг в портфеле оставляем чуть более 35%. При этом выбор сделан в пользу акций компаний, которые в ближайшие месяцы выплатят хорошие дивиденды. Дивидендный фактор будет сдерживать снижение бумаг в случае ухудшения рыночной конъюнктуры, а при благоприятных условиях позволит продемонстрировать уверенный рост. Читайте нас в МАХ #нашпортфель #акции Аналитический центр ПСБ;Доля акций ~35%, ставка на дивидендные бумаги для защиты от снижения рынка.
129;2026-06-08 11:45:51;Текущая конъюнктура мирового газового рынка характеризуется восходящей динамикой спотовых котировок.Из-за эскалации конфликта на Ближнем Востоке и логистических сбоев в Ормузском проливе сохраняется дефицит предложения сжиженного природного газа, что обострило конкуренцию между ключевыми макрорегионами-потребителями. Европа На европейском хабе TTF стоимость фьючерсов зафиксировалась в диапазоне 48,551 евро за МВтч 560570 долл. за тысячу кубометров на фоне отставания темпов закачки в подземные хранилища газа, заполненность которых находится на локальном минимуме около 41%. Азия При этом азиатский спотовый индекс JKM сохраняет устойчивую премию, торгуясь в пределах 650660 долл. за тысячу кубометров, что стимулирует перенаправление свободных объемов фрахта в Азиатско-Тихоокеанский регион и вынуждает европейских контрагентов закладывать повышенную премию за риск. США В американском контуре Henry Hub также демонстрирует укрепление выше 3,15 долл. за млн БТЕ, подогреваемое сезонным ростом спроса со стороны электрогенерации из-за климатического фактора. Россия На российских газовых компаниях такая ситуация сказывается по-разному. Газпром демонстрирует ограниченную эластичность доходов к текущему росту цен, поскольку объемы его трубопроводного экспорта в европейском направлении стагнируют на исторических минимумах, а операционный профиль смещается в сторону КНР по контрактам Силы Сибири с формульным ценообразованием, привязанным к нефтепродуктовой корзине с временным лагом. НОВАТЭК же извлекает более высокую маржинальность благодаря диверсифицированному портфелю СПГ-контрактов, хотя операционная деятельность существенно осложнена секторальными санкциями, ограничивающими перевалку в портах ЕС и сдвигающими сроки коммерческих поставок с проекта Арктик СПГ-2. Высокий уровень мировых цен на газ позволяет компании абсорбировать возросшие издержки на логистику, удорожание фрахта судов ледового класса и дисконтирование спотовых партий. В среднесрочной перспективе сохраняющийся дефицит предложения на мировом рынке выступит драйвером операционной рентабельности и стабильного свободного денежного потока НОВАТЭКа, в то время как инвестиционный кейс Газпрома продолжит больше зависеть от темпов финализации долгосрочных соглашений по проекту Сила Сибири 2. Читайте нас в МАХ #ЕкатеринаКрылова #GAZP #NVTK Аналитический центр ПСБ;"Мировые цены на газ высоки из‑за дефицита СПГ; НОВАТЭК выигрывает благодаря СПГ‑контрактам, Газпром ограничен низкими объёмами в Европу; позитив для NVTK."
130;2026-06-08 09:00:02;Публикуем ТОП краткосрочных флоатеров из нашего свежего техмонитора. Технический монитор - автоматический рэнкинг облигаций по заданным параметрам дюрация, кредитный рейтинг, доходность, премия к кривой ОФЗ. Его можно использовать для поиска недооцененных бумаг на рынке в различных рейтинговых категориях. Не является инвестиционной рекомендацией Читайте нас в МАХ #облигации Аналитический центр ПСБ;Технический мониторинг: список недооценённых коротких флоатеров для поиска идей.
131;2026-06-08 07:18:16;Сегодня ждём Индекс МосБиржи 2540-2630 п. Китайский юань 10,5-11 руб. Важное Интер РАО последний день для попадания в реестр акционеров Подробнее Читайте нас в МАХ #псбрынки Аналитический центр ПСБ;"Индекс МосБиржи 2540‑2630 п., юань 10,5‑11 руб.; последний день реестра Интер РАО."
132;2026-06-05 14:29:27;Итоги недели 1-5 июня Рынок акций Российский фондовый рынок продемонстрировал умеренный рост. При этом в начале недели индекс МосБиржи предпринял попытку выхода вверх из диапазона 25002600 пунктов на фоне восстановления цен на нефть и ожиданий позитивных сигналов с ПМЭФ. Однако из-за отсутствия значимых поддерживающих триггеров во второй половине недели большая часть роста была нивелирована. На предстоящей неделе ожидаем закрепления российского фондового рынка в диапазоне 2500 2600 пунктов по индексу МосБиржи с постепенным движением в сторону его нижней границы. Рынок облигаций Индекс RGBI смог вернуться в диапазон 119-120 пунктов, в котором находился с конца апреля. Приближение июньского заседания ЦБ начинает поддерживать рынок ОФЗ хотя неопределенность по траектории ключевой ставки до конца года сохраняется на высоком уровне. По итогам заседания индекс RGBI имеет шанс вернуться к верхней границе диапазона 119-120 пунктов, однако в текущих условиях повышенной неопределенности параметров пересмотра бюджета и программы заимствований Минфина рассчитывать на дальнейший рост индекса, на наш взгляд, преждевременно. Валютный рынок Рубль перешел к ослаблению. Спрос на иностранную валюту активизировался в преддверии объявления объемов покупок валюты по бюджетному правилу в июне. По итогам недели юань вырос на 3,3%, поднявшись в верхнюю половину диапазона 10,511 рублей. В начале следующей недели рубль инерционно может продолжить коррекционное восстановление на фоне оценки участниками торгов влияния новых объемов покупок валюты по бюджетному правилу. Однако во второй половине недели видим риски возобновления снижения рубля. Пара CNYRUB к концу следующей недели может попробовать вернуться в район верхней границы диапазона 10,511 рублей,а пара USDRUB в верхнюю половину диапазона 7176 рублей. Нефть Нефть марки Brent завершает текущую неделю умеренным ростом на 4% в район $9496, сохраняя повышенную волатильность на фоне переговоров по урегулированию ближневосточного конфликта и возможному открытию Ормузского пролива. Свежие данные Минэнерго США указали на резкое сокращение коммерческих запасов сырой нефти сразу на 7,97 млн баррелей за неделю, что более чем вдвое превысило прогнозы аналитиков и зафиксировало шестое снижение подряд. Наш прогноз на следующую неделю предполагает консолидацию цен на Brent в диапазоне $90100 за баррель. Поддержку котировкам окажут продолжающееся физическое истощение запасов в США и высокие темпы переработки сырья в разгар сезона. Читайте нас в МАХ Подробнее #итогинедели Аналитический центр ПСБ;"Рынок акций показал умеренный рост, но ожидается закрепление в диапазоне 2500‑2600 п.; облигации могут вернуться к 119‑120 п.; рубль ослаб, нефть Brent в $90‑100."
133;2026-06-05 11:38:30;Про инвестиции, экономику и ДКП Как мы уже писали, статистика по инвестициям в основной капитал за первый квартал 2026 года крайне негативная в реальном выражении инвестиции упали на 14,3% гг. Инвестиции снижаются уже год, существенно ускоряя темпы спада. Всё это указывает на угрозу системного снижения экономического потенциала страны и риск закрепления экономики в фазе стагнации. По сравнению с 2025 годом спад инвестиций в сопоставимых ценах усилился по всем основным направлениям. В первую очередь на потенциал экономики влияют инвестиции в машины и оборудование по нашим оценкам -27% гг за I кв. это технологии, конкуренция и повышение производительности труда. Снижение вложений в инфраструктуру промышленную, транспортную, социальную и т.д. более сдержанное, но также достаточно существенное. Инвестиции в жилую недвижимость пока показывают умеренное снижение, но их вес в общем объёме капитальных затрат достаточно скромный, как и их значение для экономического потенциала. Опережающее снижение реальных инвестиций в машины и оборудование связано с более высоким темпом роста цен на них. Так, индекс цен на приобретение машин и оборудования за I кв. составил 22% гг, а на строительство инфраструктуры около 6% гг. Стоимостной объём инвестиций по данным направлениям снизился примерно на сопоставимые величины на 11% гг и 6% гг за первый квартал. Впрочем, это также значимое снижение. Стоимостной объём инвестиций в жилое строительство за I кв. 2026 года увеличился почти на 5%, но за счёт опережающего роста цен показал умеренную отрицательную динамику в реальных величинах около -1% гг. Наше мнение Таким образом, существенное ускорение спада инвестиций в основной капитал в первом квартале в значительной мере связано с динамичным темпом роста цен на машины и оборудование. И это при крепком курсе рубля и постоянном развитии схем поставок импортной продукции. Похоже, проблема роста цен на машины и оборудование несколько глубже и связана с внутренней эффективностью и возможностями производить некоторые виды продукции. При этом очевиден общий тренд бизнеса на ограничение капитальных затрат при сужении возможностей государства как по наращиванию вложений в инфраструктуру, так и в масштабной поддержке инвестиционной активности. В таких условиях единственным действенным инструментом для недопущения снижения экономического потенциала остаётся дальнейшее смягчение денежно-кредитных условий. Причём необходимо признать, что Банк России уже значимо снизил ключевую ставку за год до 14,5% с 21% и эффект от этого смягчения ДКП наберёт полную силу лишь к концу 2026 года. Однако реальная ключевая ставка остаётся существенной относительно текущего уровня инфляции в районе 5-6%, что сохраняет пространство для дальнейшего её снижения. При этом осторожная тактика ЦБ по смягчению ДКП, безусловно, остаётся актуальной, с учётом устойчиво высоких инфляционных ожиданий и сохранения повышенной ценовой динамики в отдельных секторах экономики. Читайте нас в МАХ #ДенисПопов #макро Аналитический центр ПСБ;"Инвестиции в основной капитал рухнули на 14,3% гг; спад ведёт к снижению экономического потенциала; нужно дальнейшее смягчение ДКП."
134;2026-06-05 10:18:58;Индекс RSBI в мае снизился до 48,4 п. и оказался на четырехлетнем минимуме. Деловая активность МСП перешла к снижению. Компонента Продажи на минимуме с 2023 года. Так, в мае каждый второй предприниматель столкнулся с сокращением сбыта максимум за 4 года. Ожидания также ухудшились 29% оптимистов против 34% пессимистов. Компонента Кадры опустилась в зону ощутимого спада и находится на самом низком уровне за 6 лет, так как бизнес вынужден активно сокращать штаты. В мае только 10% опрошенных наняли новых сотрудников, а сократили штат 34% респондентов максимум с мая 2020 года. Компонента Кредиты остается высокой, ухудшение в экономике подталкивает МСП к кредитованию, даже на невыгодных условиях. При этом высокие ставки стимулируют предпринимателей расширять круг источников капитала частные и платформенные займы, привлечение акционерного капитала и MA. Компонента Инвестиции откатилась к пандемийному уровню. Предприниматели сокращают вложения и концентрируются на текущей устойчивости. При этом в целом половина МСП готова инвестировать в 2026 году, но многие компании ждут более подходящего момента. Подробнее о результатах RSBI в мае. Следите за #rsbi Индекс RSBI измеряет деловую активность малого и среднего бизнеса России. Исследование проводят совместно ПСБ, общероссийская общественная организация Опора России и Magram Market Research. Подробнее здесь. Аналитический Центр ПСБ;"Деловая активность МСП на четырёхлетнем минимуме; продажи и кадры падают, инвестиции откатились к пандемийным уровням."
135;2026-06-05 07:15:44;Сегодня ждём Индекс МосБиржи 2540-2630 п. Китайский юань 10,6-11 руб. Важное Т-Технологии проведет ВОСА по вопросу об увеличении уставного капитала путем размещения дополнительных акций Хэндерсон последний день для попадания в реестр акционеров Подробнее Читайте нас в МАХ #псбрынки Аналитический центр ПСБ;"Индекс МосБиржи 2540‑2630 п., юань 10,6‑11 руб.; ВОСА Т‑Технологий, последний день реестра Хэндерсон."
136;2026-06-04 13:12:02;По оценкам Минэкономразвития, рост реального ВВП России в апреле составил 1,3% гг после 1,9% гг в марте. С начала года размер экономики практически не изменился рост ВВП на 0,2% гг. Драйвером, поддерживающим рост реального ВВП, остаётся промышленность и потребительский сектор. Так, продолжили динамично расти розничные продажи 6,5% гг в апреле, платные услуги населению 3,4% гг и оборот общественного питания 6,2% гг. Фундаментом роста оставалось расширение начисленных зарплат 14,4% гг в марте и 15,1% гг в I кв. на фоне сохраняющегося дефицита рабочей силы. Кроме того, всё более сильную поддержку экономике оказывает активизация внешнего спроса, что способствует улучшению ситуации в экспортных секторах, а также в оптовой торговле и транспорте. В сельском хозяйстве пока сохраняется околонулевая динамика. Наше мнение Несмотря на в целом неплохие сигналы о текущей экономической ситуации усиление экономической активности в марте-апреле, индикаторы среднесрочного и долгосрочного развития экономики продолжают ухудшаться. Так, Росстат в I кв. зафиксировал обвал инвестиций в основной капитал -14,3% гг в сопоставимых ценах максимальное снижение с III кв. 2009 года, что указывает уже на выраженное снижение экономического потенциала. В условиях повсеместного отказа бизнеса от инвестиций объём выполненных строительных работ также динамично снижается. Негативная динамика в инвестициях фиксируется уже год, и темпы снижения пока только нарастают. По нашему мнению, в таких условиях целесообразна более мягкая денежно-кредитная политика. Читайте нас в МАХ #ДенисПопов #макро Аналитический центр ПСБ;"ВВП растёт слабо (0,2% с начала года); драйверы — потребление и экспорт, но инвестиции обвалились на 14,3% гг."
137;2026-06-04 11:31:02;Инфляция заметно ускорилась В последнюю неделю мая рост цен ускорился до 0,15% после 0,07% неделей ранее, а оценка годового уровня инфляции выросла до 5,4% гг 5,3% гг неделей ранее. Ускорение инфляции было в основном связано с ростом цен на овощи и удорожанием гостиничных и туристических услуг внутренних и зарубежных. Также сохраняется выраженный тренд к росту цен на нерегулируемые услуги населению. При этом повышение стоимости нефтепродуктов пока значимо не влияет на инфляцию, но тенденция к росту цен на бензин и дизель продолжает усиливаться. Наше мнение Причиной усиления роста цен на овощи могли стать ограничения на ввоз товаров из Армении. Полагаем, адаптация рынка к новым условиям произойдет достаточно быстро. С услугами ситуация более неопределенная предложение на рынке туристических услуг ограничено при высоком спросе и растущих рисках его быстрого охлаждения. При этом рост цен на бензин вызывает наибольшие опасения, так как cистемное повышение издержек может повысить общий уровень цен и инфляционные ожидания. Отметим, что значительные выплаты нефтяным компаниям из бюджета, демпфирующие рост цен на бензин, должны ограничить развитие этого риска. Динамика инфляции по-прежнему развивается с отставанием от прогноза ЦБ 5,9% гг на конец второго квартала, что сохраняет пространство для дальнейшего снижения ключевой ставки. Тактика регулятора по смягчению ДКП останется осторожной, в т.ч. с учётом неустойчивого торможения инфляции. Ускорения шага снижения ставки в июне не ждём. Напротив, не исключаем его замедление. Базовый прогноз снижение ключевой ставки на 50 б.п. до 14%. Читайте нас в МАХ #ДенисПопов #макро Аналитический центр ПСБ;"Инфляция ускорилась до 0,15% за неделю; годовая до 5,4% гг; ждём снижения ставки на 50 б.п. до 14%, но с осторожностью."
138;2026-06-04 09:13:52;Публикуем ТОП длинных облигаций с фиксированным купоном из нашего свежего техмонитора. Технический монитор - автоматический рэнкинг облигаций по заданным параметрам дюрация, кредитный рейтинг, доходность, премия к кривой ОФЗ. Его можно использовать для поиска недооцененных бумаг на рынке в различных рейтинговых категориях. Не является инвестиционной рекомендацией Читайте нас в MAX #облигации Аналитический центр ПСБ;Технический мониторинг: список недооценённых длинных облигаций с фиксированным купоном.
139;2026-06-04 07:16:50;Сегодня ждём Индекс МосБиржи 2540-2630 п. Китайский юань 10,5-11 руб. Важное ММЦБ и Росгосстрах проведут ГОСА по вопросу дивидендов Недельная инфляция в России ускорилась до 0,15% Подробнее Читайте нас в МАХ #псбрынки Аналитический центр ПСБ;"Индекс МосБиржи 2540‑2630 п., юань 10,5‑11 руб.; ГОСА ММЦБ и Росгосстраха, недельная инфляция 0,15%."
140;2026-06-03 11:30:53;В июне объем операций ЦБ по покупке валюты на рынке в рамках бюджетного правила с учетом корректировок составит 5,3 млрд рублей в день против 1,2 млрд рублей в мае. Первоначальной реакцией рынка стало укрепление рубля, что было обусловлено фиксацией прибыли по длинным позициям в иностранных валютах. Однако к середине дня котировки доллара и юаня вернулись к уровням предыдущего закрытия. Наше мнение Объемы покупок валюты оказались ниже наших ожиданий и их может быть недостаточно для формирования полноценного тренда на постепенное ослабление рубля. Тем не менее, постоянный отток валютной ликвидности снижает риски ухода основных мировых валют на новые локальные минимумы и будет способствовать их закреплению у текущих уровней. Так, пары CNYRUB и USDRUB в ближайшее время могут продолжить движение в диапазонах 10,5 11 руб. и 71 75 руб. соответственно, тяготея к их верхним половинам. Читайте нас в МАХ #БогданЗварич #валюты #CNYRUB #USDRUB Аналитический центр ПСБ;"Объём покупки валюты ЦБ в июне — 5,3 млрд руб./день; это удержит рубль в диапазонах CNYRUB 10,5‑11, USDRUB 71‑75."
141;2026-06-03 10:34:42;Погрузка РЖД в мае восток вытягивает сеть Погрузка на сети РЖД в мае 2026 года составила 95 млн т 0,5% гг, а за январь-май 458,7 млн т -1,4% гг. Грузооборот в мае вырос на 4,1% гг, до 218,4 млрд тарифных тонно-км, тогда как по итогам пяти месяцев он все еще остается в минусе на 1,7% гг и составляет 1,3 трлн тарифных тонно-км. В мае рост погрузки обеспечен каменным углем 4,7% гг, зерном рост в 1,7 раза, цветной рудой 15% гг за счет увеличения экспорта на фоне напряженности на Ближнем Востоке. В плюс также вышли лесные грузы 1,8% и цемент 4%. Грузооборот растет за счет переориентации грузопотоков на более длинные маршруты, прежде всего на восточное направление. Если смотреть на структуру за пять месяцев, картина пока еще слабая по большинству базовых номенклатур нефть и нефтепродукты 80,4 млн т -2,9% гг, железная и марганцевая руда 44,2 млн т -1,7%, строительные грузы 36,2 млн т -3,5%, удобрения 29,4 млн т -2,2%, черные металлы 19,3 млн т -14,7%. Главный аутсайдер по-прежнему черная металлургия из-за устойчиво слабого внутреннего спроса. Лидеры роста за январь-май зерно 14,2 млн т 58,8% гг и цветная руда и серное сырье 7,4 млн т 4,8%. Наше мнение Погрузку сейчас вытягивает не столько внутренний рынок, сколько экспортная логистика, особенно в страны Азии. Если восточное направление продолжит пользоваться повышенным спросом, погрузка продолжит сокращать отставание к прошлому году. Впрочем, без параллельного восстановления строительного сектора и внутреннего металлопотребления полноценный разворот выглядит сомнительным. Читайте нас в МАХ #ЛаураКузнецова #логистика Аналитический центр ПСБ;"Погрузка РЖД в мае выросла на 0,5% гг за счёт угля, зерна, экспорта на восток; внутренний спрос слаб, особенно металлургия."
142;2026-06-03 07:15:34;Сегодня ждём Индекс МосБиржи 2600-2660 п. Китайский юань 10,5-11 руб. Важное Россети Ленэнерго ГОСА по вопросу утверждения дивидендов за 2025 г. Абрау-Дюрсо и Ренессанс Страхование проведут СД по вопросу дивидендов за 2025 г. Минфин объявит об объеме операций с валютой и золотом в рамках бюджетного правила Подробнее Читайте нас в МАХ #псбрынки Аналитический центр ПСБ;"Индекс МосБиржи 2600‑2660 п., юань 10,5‑11 руб.; дивиденды Россети Ленэнерго, Абрау‑Дюрсо, объём операций Минфина."