loss,grad_norm,learning_rate,epoch,step
5.5091118812561035,2.3641834259033203,0.0,0.00125,1
7.042843818664551,0.8970438241958618,0.0002,0.00625,5
6.552755737304688,1.308221459388733,0.00045000000000000004,0.0125,10
6.748941040039062,1.3634744882583618,0.0004999965443246219,0.01875,15
7.268259429931641,2.1716394424438477,0.00049998250580713,0.025,20
5.359217834472656,0.989050567150116,0.000499957669073753,0.03125,25
6.111982345581055,1.536224603652954,0.0004999220351973354,0.0375,30
5.628142547607422,0.9557995200157166,0.0004998756057171142,0.04375,35
5.61971435546875,1.1828380823135376,0.0004998183826386518,0.05,40
5.409242248535156,1.8351746797561646,0.0004997503684337501,0.05625,45
5.387048721313477,1.375235676765442,0.0004996715660403427,0.0625,50
5.54594612121582,1.490613341331482,0.0004995819788623689,0.06875,55
5.945365905761719,1.188819408416748,0.0004994816107696263,0.075,60
5.081321716308594,1.596116065979004,0.0004993704660976036,0.08125,65
5.537768936157226,1.6226505041122437,0.0004992485496472933,0.0875,70
5.198170471191406,1.2240043878555298,0.0004991158666849846,0.09375,75
5.564073181152343,1.15704345703125,0.0004989724229420356,0.1,80
5.133515548706055,1.1321498155593872,0.000498818224614626,0.10625,85
5.453133773803711,1.3725731372833252,0.0004986532783634892,0.1125,90
4.9015144348144535,1.387981653213501,0.0004984775913136246,0.11875,95
5.604593276977539,1.3997772932052612,0.00049829117105399,0.125,100
5.2243896484375,1.2201552391052246,0.0004980940256371738,0.13125,105
5.168937301635742,1.4273104667663574,0.0004978861635790472,0.1375,110
5.444113159179688,1.450649380683899,0.0004976675938583958,0.14375,115
5.382612228393555,1.210569143295288,0.0004974383259165323,0.15,120
4.889065551757812,1.4902228116989136,0.0004971983696568888,0.15625,125
4.66204605102539,1.279109239578247,0.0004969477354445884,0.1625,130
4.962932968139649,1.1512023210525513,0.0004966864341059984,0.16875,135
5.154673767089844,1.3594533205032349,0.0004964144769282615,0.175,140
5.432410430908203,1.1764527559280396,0.0004961318756588088,0.18125,145
5.220790863037109,1.4674409627914429,0.0004958386425048529,0.1875,150
4.7021739959716795,1.006820797920227,0.0004955347901328596,0.19375,155
4.93163833618164,1.2283164262771606,0.0004952203316680014,0.2,160
5.161885833740234,1.2256706953048706,0.0004948952806935905,0.20625,165
5.276349639892578,1.5826364755630493,0.0004945596512504917,0.2125,170
4.729865264892578,1.0441361665725708,0.0004942134578365162,0.21875,175
5.125806045532227,1.4384738206863403,0.0004938567154057955,0.225,180
5.408669662475586,1.326431393623352,0.0004934894393681349,0.23125,185
5.574707794189453,1.1541792154312134,0.0004931116455883485,0.2375,190
4.9660591125488285,1.1615968942642212,0.0004927233503855732,0.24375,195
4.989226531982422,1.3318527936935425,0.0004923245705325647,0.25,200
5.127482223510742,1.5306129455566406,0.0004919153232549719,0.25625,205
4.838691711425781,2.558850049972534,0.000491495626230594,0.2625,210
5.5753730773925785,1.5272976160049438,0.0004910654975886155,0.26875,215
5.39617691040039,11.696066856384277,0.0004906249559088245,0.275,220
4.992813491821289,1.3057376146316528,0.0004901740202208094,0.28125,225
4.971717071533203,1.0529301166534424,0.0004897127100031367,0.2875,230
4.915185546875,1.5263458490371704,0.0004892410451825101,0.29375,235
5.29137077331543,1.3350273370742798,0.0004887590461329096,0.3,240
5.207508087158203,1.6139410734176636,0.0004882667336747115,0.30625,245
5.341830444335938,1.2840516567230225,0.0004877641290737884,0.3125,250
5.060200881958008,1.3922227621078491,0.0004872512540405917,0.31875,255
4.411002349853516,1.6936548948287964,0.00048672813072921285,0.325,260
5.089353561401367,1.4750970602035522,0.000486194781736427,0.33125,265
5.412189483642578,1.69319748878479,0.00048565123010071656,0.3375,270
5.079265594482422,1.1471822261810303,0.0004850974993012761,0.34375,275
4.77599868774414,1.4144999980926514,0.0004845336132569984,0.35,280
4.673837280273437,1.4484468698501587,0.0004839595963254407,0.35625,285
5.321399688720703,1.7073349952697754,0.0004833754733017731,0.3625,290
4.972436904907227,1.375967264175415,0.00048278126941770743,0.36875,295
5.124477386474609,1.3041166067123413,0.00048217701034040694,0.375,300
4.852207946777344,2.0658559799194336,0.00048156272217137814,0.38125,305
5.018473815917969,1.7470391988754272,0.00048093843144534276,0.3875,310
5.11492805480957,1.2814337015151978,0.000480304165129092,0.39375,315
5.0661968231201175,1.3263146877288818,0.00047965995062032157,0.4,320
4.45228157043457,5.20449686050415,0.0004790058157464481,0.40625,325
4.848385620117187,1.4968523979187012,0.00047834178876340715,0.4125,330
4.920404052734375,1.4287855625152588,0.00047766789835443287,0.41875,335
5.021034240722656,2.916592836380005,0.00047698417362881853,0.425,340
4.698141098022461,2.2145447731018066,0.0004762906441206597,0.43125,345
4.754238128662109,5.093612194061279,0.0004755873397875782,0.4375,350
5.145255661010742,1.732407569885254,0.0004748742910094278,0.44375,355
4.219570922851562,1.3244003057479858,0.00047415152858698264,0.45,360
4.886133193969727,1.4645808935165405,0.00047341908374060596,0.45625,365
4.491528701782227,5.349294662475586,0.00047267698810890205,0.4625,370
4.7926483154296875,1.1264047622680664,0.0004719252737473494,0.46875,375
4.920343399047852,1.526068925857544,0.00047116397312691605,0.475,380
4.739500427246094,1.2100023031234741,0.00047039311913265713,0.48125,385
4.644940185546875,1.1209993362426758,0.00046961274506229393,0.4875,390
4.764444351196289,1.3167452812194824,0.0004688228846247761,0.49375,395
5.391366577148437,1.1386277675628662,0.0004680235719388252,0.5,400
4.928569412231445,1.40631103515625,0.0004672148415314612,0.50625,405
5.5179931640625,1.367089867591858,0.0004663967283365107,0.5125,410
5.271342086791992,1.4241969585418701,0.0004655692676930982,0.51875,415
4.852429962158203,1.195553183555603,0.00046473249534411954,0.525,420
4.792137527465821,1.4611332416534424,0.000463886447434698,0.53125,425
4.693174362182617,12.14497184753418,0.0004630311605106227,0.5375,430
5.136770629882813,1.1230911016464233,0.0004621666715167704,0.54375,435
4.983148193359375,1.5153065919876099,0.00046129301779550936,0.55,440
4.8484657287597654,1.1824727058410645,0.00046041023708508634,0.55625,445
5.299521255493164,1.6966581344604492,0.0004595183675179964,0.5625,450
4.966890716552735,1.3192102909088135,0.00045861744761933605,0.56875,455
4.719347381591797,1.9121620655059814,0.00045770751630513863,0.575,460
4.791735458374023,1.4831843376159668,0.00045678861288069386,0.58125,465
3.8798904418945312,1.2564061880111694,0.00045586077703884927,0.5875,470
4.48919677734375,1.4369244575500488,0.00045492404885829653,0.59375,475
4.768086624145508,1.650774598121643,0.0004539784688018396,0.6,480
4.317864227294922,1.27137291431427,0.00045302407771464684,0.60625,485
4.943996810913086,1.659341812133789,0.0004520609168224873,0.6125,490
5.001063537597656,1.3378013372421265,0.0004510890277299492,0.61875,495
5.075639343261718,8.835492134094238,0.0004501084524186433,0.625,500
5.024203872680664,4.967216491699219,0.00044911923324538914,0.63125,505
4.714783477783203,1.5280797481536865,0.00044812141294038566,0.6375,510
4.882059097290039,1.3543812036514282,0.00044711503460536517,0.64375,515
5.041460800170898,1.5390785932540894,0.0004461001417117319,0.65,520
4.65441665649414,1.3614119291305542,0.00044507677809868366,0.65625,525
4.198515701293945,1.2815169095993042,0.0004440449879713188,0.6625,530
4.053158569335937,1.405282974243164,0.0004430048158987263,0.66875,535
4.908386993408203,1.8761422634124756,0.00044195630681206053,0.675,540
5.09437141418457,1.631287693977356,0.000440899506002601,0.68125,545
4.340287780761718,2.2547359466552734,0.000439834459119795,0.6875,550
4.702589797973633,1.3781967163085938,0.0004387612121692866,0.69375,555
4.608193969726562,1.4371167421340942,0.00043767981151092905,0.7,560
4.9953773498535154,1.5455855131149292,0.00043659030385678223,0.70625,565
5.2468719482421875,1.4892990589141846,0.0004354927362690947,0.7125,570
4.594210052490235,1.1144061088562012,0.00043438715615827116,0.71875,575
4.3020069122314455,1.4162877798080444,0.00043327361128082443,0.725,580
4.907490921020508,1.9499684572219849,0.0004321521497373122,0.73125,585
5.0224159240722654,2.4765868186950684,0.0004310228199702599,0.7375,590
5.041581344604492,1.9085768461227417,0.0004298856707620676,0.74375,595
5.038657379150391,1.7472840547561646,0.00042874075123290313,0.75,600
4.072736358642578,1.8466631174087524,0.00042758811083858024,0.75625,605
5.220768737792969,1.2865687608718872,0.00042642779936842237,0.7625,610
4.919384765625,1.569171667098999,0.00042525986694311163,0.76875,615
4.522534561157227,1.1934432983398438,0.0004240843640125244,0.775,620
4.856664657592773,1.4032325744628906,0.00042290134135355154,0.78125,625
4.700162124633789,1.6344521045684814,0.0004217108500679051,0.7875,630
4.317226409912109,1.6943618059158325,0.00042051294157991137,0.79375,635
4.617350769042969,1.4362894296646118,0.00041930766763428906,0.8,640
5.1735069274902346,1.9872335195541382,0.0004180950802939145,0.80625,645
4.854452133178711,1.523913025856018,0.00041687523193757243,0.8125,650
4.713050460815429,1.1931132078170776,0.00041564817525769374,0.81875,655
4.387256622314453,1.5952483415603638,0.00041441396325807924,0.825,660
5.165383148193359,1.789366364479065,0.0004131726492516099,0.83125,665
5.004685974121093,2.3841660022735596,0.0004119242868579446,0.8375,670
4.897226715087891,2.182600975036621,0.0004106689300012031,0.84375,675
4.600988388061523,3.0246474742889404,0.00040940663290763745,0.85,680
3.985028839111328,1.5805935859680176,0.0004081374501032894,0.85625,685
4.516661834716797,1.461601734161377,0.00040686143641163476,0.8625,690
4.175894927978516,1.545470952987671,0.00040557864695121604,0.86875,695
4.772395324707031,1.4494274854660034,0.00040428913713326075,0.875,700
5.000579833984375,1.547411561012268,0.00040299296265928835,0.88125,705
4.3724315643310545,1.5951634645462036,0.00040169017951870395,0.8875,710
4.972838592529297,1.3751342296600342,0.00040038084398637985,0.89375,715
4.67744255065918,1.2482284307479858,0.0003990650126202249,0.9,720
4.781978607177734,1.4883019924163818,0.000397742742258741,0.90625,725
4.344371795654297,1.1139936447143555,0.0003964140900185682,0.9125,730
5.1456146240234375,1.6968568563461304,0.00039507911329201786,0.91875,735
4.3916572570800785,2.5936472415924072,0.00039373786974459233,0.925,740
4.4935455322265625,2.011418581008911,0.0003923904173124958,0.93125,745
5.0551704406738285,2.583724021911621,0.0003910368142001299,0.9375,750
5.087797927856445,2.2332921028137207,0.00038967711887758085,0.94375,755
4.988778686523437,1.3743408918380737,0.0003883113900780931,0.95,760
5.103871917724609,1.7572416067123413,0.0003869396867955326,0.95625,765
4.602237701416016,1.3235197067260742,0.0003855620682818382,0.9625,770
4.303152084350586,1.3919897079467773,0.00038417859404446254,0.96875,775
4.758861923217774,1.1614406108856201,0.0003827893238438015,0.975,780
5.288621520996093,1.857692837715149,0.0003813943176906125,0.98125,785
5.216512298583984,1.3780124187469482,0.00037999363584342264,0.9875,790
5.145728683471679,1.4747250080108643,0.0003785873388059258,0.99375,795
4.3752788543701175,1.7549930810928345,0.00037717548732436884,1.0,800
4.583543300628662,29.22,12.75,26.96,26.97,83.106,4.813,2.407,1.0,800
5.111691284179687,1.4394832849502563,0.00037575814238492765,1.00625,805
4.542693710327148,1.1010411977767944,0.0003743353652110731,1.0125,810
4.301517105102539,1.4372111558914185,0.000372907217260926,1.01875,815
4.878151321411133,1.6978907585144043,0.0003714737602246029,1.025,820
4.427582550048828,1.4745482206344604,0.00037003505602155085,1.03125,825
4.891300201416016,1.7638355493545532,0.000368591166797873,1.0375,830
4.178526306152344,1.6660819053649902,0.00036714215492364394,1.04375,835
4.352029418945312,1.847722053527832,0.00036568808299021575,1.05,840
5.462842559814453,3.045294761657715,0.0003642290138075143,1.05625,845
4.955998229980469,1.8003454208374023,0.0003627650104013261,1.0625,850
4.636118698120117,1.6634204387664795,0.0003612961360105756,1.06875,855
4.837691879272461,1.3233624696731567,0.000359822454084594,1.075,860
5.183326721191406,2.0097010135650635,0.00035834402828037817,1.08125,865
5.582571411132813,1.5227031707763672,0.0003568609224598409,1.0875,870
4.373860549926758,1.7776529788970947,0.0003553732006870525,1.09375,875
4.665196228027344,1.80931556224823,0.00035388092722547353,1.1,880
4.957754898071289,1.4041367769241333,0.0003523841665351787,1.10625,885
4.229351043701172,1.4209128618240356,0.00035088298327007236,1.1125,890
4.44453125,1.3102595806121826,0.00034937744227509627,1.11875,895
4.348324966430664,2.702338695526123,0.0003478676085834278,1.125,900
5.120713806152343,1.2966041564941406,0.00034635354741367156,1.13125,905
4.711209106445312,1.6043301820755005,0.00034483532416704145,1.1375,910
4.583028793334961,1.2919903993606567,0.00034331300442453624,1.14375,915
4.7238014221191404,1.4398925304412842,0.0003417866539441063,1.15,920
4.446005249023438,1.6118923425674438,0.0003402563386578133,1.15625,925
4.708687210083008,1.2752201557159424,0.0003387221246689824,1.1625,930
4.837092590332031,1.561529278755188,0.0003371840782493465,1.16875,935
4.543717956542968,1.8587946891784668,0.0003356422658361837,1.175,940
5.133035278320312,1.685083270072937,0.00033409675402944786,1.18125,945
4.742694854736328,1.3694461584091187,0.00033254760958889085,1.1875,950
4.843645095825195,1.6432946920394897,0.00033099489943117996,1.19375,955
4.6311603546142575,1.6443390846252441,0.0003294386906270064,1.2,960
4.455303192138672,2.038780927658081,0.00032787905039818876,1.20625,965
4.7484130859375,1.9279110431671143,0.00032631604611476896,1.2125,970
4.825083923339844,1.7004854679107666,0.000324749745292102,1.21875,975
5.163987350463867,1.640105128288269,0.00032318021558794036,1.225,980
4.570519638061524,1.3476873636245728,0.0003216075247995105,1.23125,985
4.7845916748046875,1.5600513219833374,0.00032003174086058466,1.2375,990
4.477618026733398,1.1910606622695923,0.00031845293183854686,1.24375,995
4.558388519287109,1.5858876705169678,0.0003168711659314519,1.25,1000
4.583463287353515,1.7979680299758911,0.00031528651146508,1.25625,1005
4.144086837768555,1.3949599266052246,0.00031369903688998523,1.2625,1010
4.7922515869140625,1.5543999671936035,0.0003121088107785388,1.26875,1015
4.774899673461914,1.7708759307861328,0.0003105159018219668,1.275,1020
4.6556449890136715,1.7439861297607422,0.00030892037882738343,1.28125,1025
4.979498291015625,1.837002158164978,0.0003073223107148185,1.2875,1030
5.441423034667968,1.5114332437515259,0.0003057217665142404,1.29375,1035
4.176048660278321,1.4228432178497314,0.00030411881536257426,1.3,1040
4.511005020141601,1.9501993656158447,0.00030251352650071577,1.30625,1045
3.978150177001953,1.1612277030944824,0.00030090596927054004,1.3125,1050
4.985165405273437,1.999600887298584,0.00029929621311190627,1.31875,1055
4.831397628784179,2.9563584327697754,0.0002976843275596584,1.325,1060
4.535299301147461,1.712110161781311,0.0002960703822406213,1.33125,1065
4.9239662170410154,1.6169432401657104,0.00029445444687059357,1.3375,1070
3.7242919921875,1.0729955434799194,0.00029283659125133553,1.34375,1075
5.004344940185547,1.5139210224151611,0.0002912168852675545,1.35,1080
4.133106994628906,1.3854025602340698,0.00028959539888388585,1.35625,1085
4.646150588989258,2.061441659927368,0.00028797220214187095,1.3625,1090
5.212502670288086,1.69391667842865,0.00028634736515693177,1.36875,1095
4.485030746459961,1.977277159690857,0.00028472095811534176,1.375,1100
4.713334274291992,1.938826084136963,0.00028309305127119453,1.38125,1105
4.883027648925781,1.6965487003326416,0.00028146371494336896,1.3875,1110
4.862196731567383,1.3714700937271118,0.0002798330195124917,1.39375,1115
3.780023193359375,2.617460250854492,0.00027820103541789713,1.4,1120
4.466361999511719,1.8473612070083618,0.00027656783315458457,1.40625,1125
4.879312515258789,2.2177059650421143,0.0002749334832701731,1.4125,1130
4.510811996459961,1.5889360904693604,0.0002732980563618545,1.41875,1135
4.307158660888672,1.5266122817993164,0.0002716616230733435,1.425,1140
5.11177978515625,1.5137799978256226,0.0002700242540918262,1.43125,1145
3.986275863647461,1.1977691650390625,0.00026838602014490686,1.4375,1150
3.867411804199219,1.5381035804748535,0.0002667469919975529,1.44375,1155
4.735551452636718,1.590996265411377,0.00026510724044903747,1.45,1160
4.575068664550781,1.9423558712005615,0.0002634668363298821,1.45625,1165
4.676799774169922,2.23026704788208,0.0002618258504987965,1.4625,1170
4.637002182006836,2.029939651489258,0.0002601843538396179,1.46875,1175
4.809785461425781,1.5093194246292114,0.0002585424172582494,1.475,1180
4.4886821746826175,2.1605405807495117,0.0002569001116795967,1.48125,1185
4.6173442840576175,1.6809805631637573,0.00025525750804450474,1.4875,1190
4.3979545593261715,1.8095684051513672,0.0002536146773066934,1.49375,1195
4.722711181640625,1.743935465812683,0.0002519716904296922,1.5,1200
4.178839492797851,1.5877673625946045,0.0002503286183837756,1.50625,1205
4.656400299072265,1.6852002143859863,0.00024868553214289654,1.5125,1210
4.714079284667969,1.563302755355835,0.0002470425026816216,1.51875,1215
4.877587890625,7.092889785766602,0.00024539960097206436,1.525,1220
5.246061706542969,2.1178841590881348,0.0002437568979808203,1.53125,1225
4.638006591796875,2.1228537559509277,0.00024211446466590082,1.5375,1230
4.4952537536621096,1.7839125394821167,0.0002404723719736687,1.54375,1235
4.961637878417969,1.713294506072998,0.00023883069083577304,1.55,1240
4.586035919189453,1.304731845855713,0.00023718949216608554,1.55625,1245
5.058254241943359,1.711949348449707,0.00023554884685763719,1.5625,1250
5.104391098022461,1.4893405437469482,0.00023390882577955607,1.56875,1255
5.096474456787109,1.9209035634994507,0.00023226949977400629,1.575,1260
4.3288322448730465,1.6458808183670044,0.00023063093965312745,1.58125,1265
4.817799377441406,1.2090845108032227,0.0002289932161959761,1.5875,1270
5.528136825561523,1.557438611984253,0.00022735640014546842,1.59375,1275
4.9137725830078125,1.7368676662445068,0.00022572056220532426,1.6,1280
4.988786697387695,1.4379979372024536,0.00022408577303701334,1.60625,1285
4.265718460083008,1.335045576095581,0.00022245210325670255,1.6125,1290
4.917063140869141,1.372988224029541,0.0002208196234322059,1.61875,1295
4.3725730895996096,1.733634352684021,0.00021918840407993617,1.625,1300
4.481078720092773,1.6281245946884155,0.00021755851566185888,1.63125,1305
4.144675827026367,1.6889681816101074,0.00021593002858244896,1.6375,1310
4.651573562622071,1.4640581607818604,0.0002143030131856489,1.64375,1315
5.06775131225586,1.590371012687683,0.0002126775397518307,1.65,1320
4.152634048461914,1.4514715671539307,0.00021105367849475991,1.65625,1325
5.1652099609375,1.4202053546905518,0.00020943149955856262,1.6625,1330
5.086654281616211,1.1760920286178589,0.00020781107301469582,1.66875,1335
4.873792266845703,1.7852705717086792,0.00020619246885892004,1.675,1340
4.547533416748047,1.37400484085083,0.00020457575700827632,1.68125,1345
4.477446746826172,1.5390454530715942,0.00020296100729806584,1.6875,1350
4.831214904785156,1.1230729818344116,0.00020134828947883333,1.69375,1355
4.763878631591797,2.0588018894195557,0.0001997376732133544,1.7,1360
4.6309856414794925,1.7038872241973877,0.000198129228073626,1.70625,1365
3.987177276611328,1.2568011283874512,0.00019652302353786137,1.7125,1370
4.498646545410156,2.7494149208068848,0.00019491912898748895,1.71875,1375
4.531614685058594,1.793033242225647,0.00019331761370415524,1.725,1380
4.80308952331543,1.2922221422195435,0.0001917185468667324,1.73125,1385
4.362740707397461,1.3597936630249023,0.00019012199754832955,1.7375,1390
4.8557273864746096,1.411077857017517,0.00018852803471330947,1.74375,1395
4.3507080078125,1.7456837892532349,0.00018693672721430943,1.75,1400
5.102032852172852,1.4631863832473755,0.0001853481437892671,1.75625,1405
4.564920043945312,1.2140110731124878,0.00018376235305845153,1.7625,1410
4.217819595336914,1.5505950450897217,0.0001821794235214987,1.76875,1415
4.408948135375977,1.3416898250579834,0.00018059942355445275,1.775,1420
4.746600341796875,1.8568634986877441,0.00017902242140681264,1.78125,1425
4.200249862670899,1.6768615245819092,0.00017744848519858357,1.7875,1430
5.1848915100097654,2.3643317222595215,0.0001758776829173352,1.79375,1435
5.095652770996094,1.83457612991333,0.00017431008241526407,1.8,1440
4.77594108581543,1.520650029182434,0.00017274575140626317,1.80625,1445
4.7920276641845705,1.7678123712539673,0.0001711847574629968,1.8125,1450
4.511310195922851,1.5825875997543335,0.00016962716801398176,1.81875,1455
5.045392227172852,1.6728609800338745,0.00016807305034067477,1.825,1460
4.83923225402832,1.6701675653457642,0.00016652247157456602,1.83125,1465
5.0662281036376955,3.8916118144989014,0.00016497549869427951,1.8375,1470
4.773173904418945,1.44783353805542,0.00016343219852267985,1.84375,1475
4.672573089599609,1.3486353158950806,0.00016189263772398556,1.85,1480
4.159522628784179,1.4796479940414429,0.00016035688280088996,1.85625,1485
4.707109069824218,1.9482975006103516,0.00015882500009168797,1.8625,1490
4.664731216430664,2.2885513305664062,0.0001572970557674108,1.86875,1495
4.735629272460938,1.6259238719940186,0.0001557731158289677,1.875,1500
5.433076477050781,2.0674848556518555,0.0001542532461042948,1.88125,1505
4.393849182128906,1.5809516906738281,0.00015273751224551202,1.8875,1510
5.128736877441407,1.5451394319534302,0.00015122597972608664,1.89375,1515
4.190937805175781,1.8461425304412842,0.00014971871383800538,1.9,1520
5.137378692626953,1.3518544435501099,0.00014821577968895415,1.90625,1525
4.966424942016602,16.968364715576172,0.00014671724219950534,1.9125,1530
4.766475677490234,1.267248272895813,0.0001452231661003141,1.91875,1535
4.447347259521484,2.06032133102417,0.0001437336159293216,1.925,1540
4.600265884399414,1.261296272277832,0.00014224865602896754,1.93125,1545
3.7064487457275392,1.6745338439941406,0.0001407683505434109,1.9375,1550
4.732623291015625,1.4023715257644653,0.00013929276341575892,1.94375,1555
5.021553039550781,2.037508487701416,0.00013782195838530552,1.95,1560
4.567234039306641,2.294840097427368,0.0001363559989847774,1.95625,1565
4.789184951782227,2.0755350589752197,0.00013489494853759004,1.9625,1570
4.5348976135253904,1.8272089958190918,0.00013343887015511243,1.96875,1575
5.181738662719726,1.702830195426941,0.00013198782673394066,1.975,1580
3.966971588134766,1.6957626342773438,0.00013054188095318136,1.98125,1585
4.615023803710938,1.42864191532135,0.00012910109527174398,1.9875,1590
4.409481048583984,1.9269506931304932,0.00012766553192564294,1.99375,1595
4.115573501586914,1.9362415075302124,0.0001262352529253092,2.0,1600
